address,status,uptime,total_space,available_space,grpc_dir
127.0.0.1:6000,True,0.00018525123596191406,50000000,49967232.0,127.0.0.1:50051
127.0.0.1:6001,True,0.00019598007202148438,50000000,49967232.0,127.0.0.1:50052
127.0.0.1:6002,True,0.00018095970153808594,50000000,49967232.0,127.0.0.1:50053
