address,status,uptime,total_space,available_space
127.0.0.1:6000,True,0.00021076202392578125,50000000,50000000.0
127.0.0.1:6001,True,0.00023293495178222656,50000000,50000000.0
