address,status,uptime,total_space,available_space,grpc_dir
127.0.0.1:6000,True,0.0002009868621826172,50000000,49967232.0,127.0.0.1:50051
127.0.0.1:6001,True,0.000225067138671875,50000000,49967232.0,127.0.0.1:50052
