address,status,uptime,total_space,available_space
127.0.0.1:6000,True,0.0003299713134765625,50000000,50000000.0
127.0.0.1:6001,True,0.0003311634063720703,50000000,50000000.0
