address,available_space,grpc_dir,status,total_space,uptime
127.0.0.1:6000,49967232.0,127.0.0.1:50051,True,50000000,0.00018525123596191406
127.0.0.1:6001,49967232.0,127.0.0.1:50052,True,50000000,0.00019598007202148438
127.0.0.1:6002,49967232.0,127.0.0.1:50053,True,50000000,0.00018095970153808594
